{
  "states": [
    {"name": "Aguascalientes", "code": "AG", "capital": "Aguascalientes"},
    {"name": "Baja California", "code": "BC", "capital": "Mexicali"},
    {"name": "Baja California Sur", "code": "BS", "capital": "La Paz"},
    {"name": "Campeche", "code": "CM", "capital": "San Francisco de Campeche"},
    {"name": "Chiapas", "code": "CS", "capital": "Tuxtla Gutiérrez"},
    {"name": "Chihuahua", "code": "CH", "capital": "Chihuahua"},
    {"name": "Coahuila", "code": "CO", "capital": "Saltillo"},
    {"name": "Colima", "code": "CL", "capital": "Colima"},
    {"name": "Ciudad de México", "code": "DF", "capital": "Ciudad de México"},
    {"name": "Durango", "code": "DG", "capital": "Victoria de Durango"},
    {"name": "Guanajuato", "code": "GT", "capital": "Guanajuato"},
    {"name": "Guerrero", "code": "GR", "capital": "Chilpancingo de los Bravo"},
    {"name": "Hidalgo", "code": "HG", "capital": "Pachuca de Soto"},
    {"name": "Jalisco", "code": "JC", "capital": "Guadalajara"},
    {"name": "México", "code": "MC", "capital": "Toluca de Lerdo"},
    {"name": "Michoacán", "code": "MN", "capital": "Morelia"},
    {"name": "Morelos", "code": "MS", "capital": "Cuernavaca"},
    {"name": "Nayarit", "code": "NT", "capital": "Tepic"},
    {"name": "Nuevo León", "code": "NL", "capital": "Monterrey"},
    {"name": "Oaxaca", "code": "OC", "capital": "Oaxaca de Juárez"},
    {"name": "Puebla", "code": "PL", "capital": "Heroica Puebla de Zaragoza"},
    {"name": "Querétaro", "code": "QT", "capital": "Santiago de Querétaro"},
    {"name": "Quintana Roo", "code": "QR", "capital": "Chetumal"},
    {"name": "San Luis Potosí", "code": "SP", "capital": "San Luis Potosí"},
    {"name": "Sinaloa", "code": "SL", "capital": "Culiacán Rosales"},
    {"name": "Sonora", "code": "SR", "capital": "Hermosillo"},
    {"name": "Tabasco", "code": "TC", "capital": "Villahermosa"},
    {"name": "Tamaulipas", "code": "TL", "capital": "Ciudad Victoria"},
    {"name": "Tlaxcala", "code": "TM", "capital": "Tlaxcala de Xicohténcatl"},
    {"name": "Veracruz", "code": "VZ", "capital": "Xalapa-Enríquez"},
    {"name": "Yucatán", "code": "YN", "capital": "Mérida"},
    {"name": "Zacatecas", "code": "ZS", "capital": "Zacatecas"}
  ],
  "major_cities": [
    "Ciudad de México",
    "Guadalajara",
    "Monterrey",
    "Puebla",
    "Tijuana",
    "León",
    "Juárez",
    "Torreón",
    "Querétaro",
    "San Luis Potosí",
    "Mérida",
    "Mexicali",
    "Aguascalientes",
    "Cuernavaca",
    "Saltillo",
    "Hermosillo",
    "Culiacán",
    "Morelia",
    "Veracruz",
    "Cancún"
  ]
}
